Model,Dataset,Precision,Recall,mAP@0.50,mAP@0.50;0.05;0.95,Pre-process time,Inference time,NMS time per image
yolov5x.pt,train,0.21352384463559493,0.45925925925925926,0.17554570742153866,0.11956972395870957,0.7772541046142578,1152.1106052398682,3.438737392425537
yolov5x.pt,val,0.4282411910763078,0.4482758620689655,0.34945160682145404,0.29412648457718593,0.7627691541399274,1202.3059754144579,4.047723043532599
yolov5x.pt,test,0.21731593842962207,0.5170155703140402,0.20719985968402072,0.15554957352447993,0.8666515350341797,1192.9976831782947,3.4152160991321914
