Model,Dataset,Precision,Recall,mAP@0.50,mAP@0.50;0.05;0.95,Pre-process time,Inference time,NMS time per image
yolov5x.pt,train,0.18260254588539998,0.38652482269503546,0.12052172180620126,0.05038204590534231,0.8173443899710312,1347.946650633205,3.2868555411430656
yolov5x.pt,val,0.16782722828835225,0.45087719298245615,0.12374999087070815,0.05308718010117288,0.765652126736111,1322.2719179259407,3.3115069071451826
yolov5x.pt,test,0.19323047813497943,0.39732608082804266,0.1300513792223082,0.05781672796131891,0.836699953369817,1377.2304190162808,3.5267404572124956
