Model,Dataset,Precision,Recall,mAP@0.50,mAP@0.50;0.05;0.95,Pre-process time,Inference time,NMS time per image
trained_best.pt,train,0.8536064216261895,0.7777777777777778,0.8264378863486677,0.4904878436697918,0.704495906829834,32.07261800765991,2.2931337356567383
trained_best.pt,val,0.6325976514148557,0.6551724137931034,0.6149690436273956,0.34580689254876973,0.5231017158144997,31.056199754987443,2.080815179007394
trained_best.pt,test,0.6782924886373163,0.6551724137931034,0.6834412959209153,0.3754144404615479,0.7256161082874645,31.152844429016113,1.7323602329600942
yolov5s.pt,train,0.29577085210888027,0.3111111111111111,0.1669479240878536,0.10050464704914101,0.6462883949279785,27.668147087097168,3.4349822998046875
yolov5s.pt,val,0.35959194930666394,0.4482758620689655,0.318152478908001,0.2457708870113872,0.8098057338169643,24.24956503368559,4.446699505760556
yolov5s.pt,test,0.25771278524901636,0.4071657864761297,0.19749177347472796,0.11605458206047763,0.5598176609386097,24.56158941442316,3.631667657331987