Model,Dataset,Precision,Recall,mAP@0.50,mAP@0.50;0.05;0.95,Pre-process time,Inference time,NMS time per image
yolov5s.pt,train,0.29577085210888027,0.3111111111111111,0.1669479240878536,0.10050464704914101,0.678095817565918,23.548686504364014,3.690011501312256
yolov5s.pt,val,0.35959194930666394,0.4482758620689655,0.318152478908001,0.2457708870113872,0.9045260293143136,23.90423275175549,5.714700335548038
yolov5s.pt,test,0.25771278524901636,0.4071657864761297,0.19749177347472796,0.11605458206047763,0.6847164847634055,35.4050722989169,4.409584132107821
trained_best.pt,train,0.8536064216261895,0.7777777777777778,0.8264378863486677,0.4904878436697918,0.6148624420166016,28.35817813873291,2.1311402320861816
trained_best.pt,val,0.6325976514148557,0.6551724137931034,0.6149690436273956,0.34580689254876973,0.6646428789411273,28.47464879353841,2.286104928879511
trained_best.pt,test,0.6782924886373163,0.6551724137931034,0.6834412959209153,0.3754144404615479,0.7278485731645065,28.449296951293945,2.137422561645508
