Model,Dataset,Precision,Recall,mAP@0.50,mAP@0.50;0.05;0.95,Pre-process time,Inference time,NMS time per image
yolov5s.pt,train,0.2051105170427726,0.3148936170212766,0.11899585291876974,0.048380367694641394,0.42147514511090256,26.761867770400254,2.753517006863879
yolov5s.pt,val,0.19080196628166285,0.36140350877192984,0.1186012046864795,0.04760600498241867,0.44669707616170246,31.93112545543247,3.1590455108218722
yolov5s.pt,test,0.17844358837625166,0.3643926788685524,0.1208324648022464,0.052412117628742504,0.6965686079537768,31.775371519812584,2.7596501432297305
trained_best.pt,train,0.8586010914139759,0.7148819919209991,0.8024556531433422,0.4217753132543991,0.5906713986935429,27.608917386013033,2.1401587054222007
trained_best.pt,val,0.7187612126425335,0.5380424283933056,0.6027388418290457,0.28559078269172933,0.41474368837144643,23.419880867004395,2.261739306979709
trained_best.pt,test,0.7087020052271482,0.5307820299500832,0.5615591107332821,0.26090826354170576,0.4327250979943949,22.34074019329039,2.421722517779659
